hit_id,particle_id,tx,ty,tz,tpx,tpy,tpz,weight
17159,220697684778942464,-29.3955,-11.1833,-250.785,-0.246098,-0.0841304,-2.04307,0.0
17164,117094689823260672,-28.6462,-13.3264,-252.255,-0.459797,-0.203321,-4.01505,0.0
17197,734097528219238400,-25.9602,-18.1307,-232.128,-0.289035,-0.21445,-2.6097,0.0
17595,211669869681180672,-28.913,-14.0636,-145.543,-0.503945,-0.256438,-2.61868,0.0
17730,130610436507697152,-4.29777,-31.7428,-199.97099999999998,-0.0964748,-0.640138,-4.09591,0.0
17844,229685573860720640,25.0326,-21.6157,-144.662,0.244299,-0.198094,-1.36025,0.0
18148,139620109663600640,-31.5119,8.39118,-200.845,-0.159372,0.0318502,-1.04014,0.0
18229,337772308514996224,-30.1577,-9.00345,-96.5139,-0.460524,-0.14598599999999998,-1.61762,0.0
18246,743105689546653696,-21.7231,-22.8745,-70.5423,-0.535744,-0.577995,-1.7243400000000002,0.0
18249,4512120842485760,-23.2119,-21.2076,-96.7,-2.1999400000000002,-1.9982,-9.13389,0.0
18408,747603448018501632,-6.0063699999999995,-31.1505,-83.6836,-0.0545156,-0.33503,-0.8964620000000001,0.0
18588,63050669661093888,24.6556,-21.2575,-71.7171,0.32064499999999996,-0.28882800000000003,-0.941794,0.0
18762,558448621536673792,24.1455,20.1625,-93.5821,1.11857,0.9459190000000001,-4.86106,0.0
18909,914239039412895744,6.8491100000000005,31.103,-71.4475,0.0749465,0.297442,-0.5785710000000001,0.0
19087,364802015177474048,-29.1824,11.8635,-110.947,-0.406385,0.17493499999999998,-1.39418,0.0
19249,63057335450337280,-31.4627,-6.770969999999999,-39.5358,-0.319892,-0.0793715,-0.398565,0.0
19397,126101133163757568,-25.8324,-19.0171,-18.7895,-0.17599700000000001,-0.142372,-0.162667,0.0
19793,779127752056897536,5.286230000000001,-31.9819,-67.4452,0.113676,-0.7479319999999999,-1.50274,0.0
19866,495400769374126080,17.8951,-26.8346,-29.2683,0.286559,-0.41283800000000004,-0.5140239999999999,0.0
19997,864703841558331392,26.1633,-19.2694,-22.2082,0.439117,-0.31112199999999995,-0.342681,0.0
20072,454864593156571136,28.1914,-15.0605,-1.63798,0.975994,-0.511572,-0.041062699999999994,0.05255109790015119
20083,837697018481606656,25.7109,-20.2081,-6.668480000000001,0.07236569999999999,-0.11301800000000001,-0.00860357,0.0
20172,779124384802537472,31.8359,-2.64778,-30.1362,0.364872,-0.020563599999999998,-0.31027,0.0
20364,153126716657631232,28.9696,13.9017,-28.3505,0.490267,0.22386599999999998,-0.5050600000000001,0.0
20751,585470219300896768,8.21044,31.5221,-42.8354,0.0761027,0.25634,-0.403287,0.0
20853,355784782879129600,-3.24031,32.6972,-25.6075,-0.07446939999999999,0.659454,-0.47992799999999997,0.0
20984,355801687870406656,-20.1609,24.8108,-30.2006,-0.299982,0.28527800000000003,-0.404983,0.0
21156,963770801293623296,-28.1602,15.1253,-32.5325,-0.6301770000000001,0.348488,-0.7824399999999999,0.0
21177,526925623168335872,-26.5351,18.4979,-54.9355,-0.36383000000000004,0.265455,-0.756784,0.0
21185,657526438949289984,-28.3994,14.629000000000001,-25.1852,-0.729694,0.386513,-0.562135,0.0
21233,797138233556205568,-27.414,16.674,-22.2925,-0.341118,0.21947399999999997,-0.26054299999999997,0.0
21240,630505390940880896,-29.9966,11.3144,-0.275079,-0.26517199999999996,0.109123,-0.00886227,0.0
21320,968280242076516352,-31.4539,9.418989999999999,-2.21055,-0.57865,0.183364,0.053356299999999995,0.0
21375,747609701490884608,-31.7203,4.69727,-11.8256,-0.401491,0.06929149999999999,-0.15441300000000002,0.0
21557,180159584416038912,-27.4762,-16.4335,50.0097,-0.470793,-0.29242399999999996,0.6742560000000001,0.0
21570,675544548310515712,-26.011999999999997,-18.0728,54.2466,-0.47306800000000004,-0.31722100000000003,1.00376,0.0
21878,418839025953013760,-7.66918,-31.0567,41.293,-0.277198,-1.15751,1.38289,0.04427373853559036
22055,432347007336579072,19.1569,-25.0437,24.6965,0.168783,-0.205355,0.121323,0.0
22133,495405648456974336,20.3585,-23.9704,50.0056,0.148573,-0.161023,0.320992,0.0
22148,657533036019056640,18.391,-25.7278,2.59709,0.10771300000000002,-0.16665,0.0385039,0.0
22362,112596519034552320,31.0596,-7.61878,65.8168,0.537953,-0.140872,1.14822,0.0
22469,873713445994758144,29.8584,9.8595,37.0979,0.15526700000000002,0.061166399999999996,0.186993,0.0
22527,558451988791033856,30.4049,8.29648,26.3615,0.83752,0.237862,0.42927600000000005,0.0
22544,837672485628411904,30.0706,9.25244,56.8762,1.08564,0.323354,2.45095,0.042299948448374244
22636,139618460396158976,24.9798,19.2284,4.60572,0.30536599999999997,0.247592,-0.0477708,0.0
22788,220683528566734848,15.5028,27.4287,5.9421,0.227967,0.382575,0.141739,0.0
22842,229699042878160896,-1.8842400000000001,31.5956,8.64781,-0.0947461,1.43092,0.45897899999999997,0.0612101133840793
22932,675540837458771968,6.9206199999999995,31.099,31.5032,0.11434100000000001,0.46911099999999994,0.501649,0.0
22948,112593426658099200,0.896073,31.4388,11.1045,0.00952193,0.657591,0.23451100000000002,0.0
23072,598979918671380480,-4.48704,31.7368,32.4399,-0.0936722,0.590536,0.307078,0.0
23404,225184929170849792,-30.9984,8.70284,43.3104,-0.231269,0.0750036,0.368151,0.0
23488,864693945953681408,-31.2091,4.9676,51.6063,-0.31193000000000004,0.0406721,0.529328,0.0
23577,409828390724435968,-30.2852,-10.1389,132.977,-0.258029,-0.09660629999999999,1.19213,0.0
23771,923239366719963136,4.77917,-32.1591,99.9109,0.123529,-0.773129,2.56534,0.0
23957,364800846946369536,31.6702,-5.58411,136.929,0.194838,-0.0448384,0.924104,0.0
24048,815151876151443456,32.828,2.86615,128.048,0.17106300000000002,0.0247585,0.684651,0.0
24098,225187952827826176,21.9763,23.3343,95.0002,0.5705720000000001,0.5911529999999999,2.57008,0.0
24352,711580217277153280,-15.8028,28.7034,120.213,-0.409043,0.7641359999999999,3.24605,0.0
24445,229688253920313344,-28.4928,14.4352,111.959,-0.34804,0.186869,1.40255,0.0
24515,968290756156456960,-31.6372,6.16894,113.196,-0.8092729999999999,0.146777,3.01772,0.0
24751,382806105765445632,29.2293,-11.7663,197.035,0.213602,-0.09523739999999999,1.38249,0.0
24918,702562503942471680,19.6232,25.4432,191.135,0.46878000000000003,0.622174,4.46676,0.0
25334,171141321325543424,26.2905,18.5042,270.264,0.271503,0.195548,2.8054,0.0
25368,662035261256892416,16.6087,27.4454,221.232,1.30892,2.1815,18.3426,0.0
25393,13512791746936832,4.58305,31.7267,214.83700000000002,0.0518164,0.298075,2.06948,0.0
25677,22528718375223296,-14.8566,28.8847,311.04900000000004,-0.1012,0.17501,1.9271900000000002,0.0
25728,328764559521222657,29.3045,-12.7507,365.676,0.121321,-0.189971,-0.0831939,0.0
25816,130610436507697152,-11.3027,-72.0787,-459.335,-0.122707,-0.63474,-4.09531,0.0
25976,139620109663600640,-70.414,12.7874,-453.601,-0.160947,0.00668705,-1.0399,0.0
26311,211669869681180672,-64.3648,-33.1741,-331.251,-0.49391,-0.279495,-2.6177,0.0
26425,229685573860720640,56.1536,-45.3366,-313.999,0.257356,-0.18141500000000002,-1.35966,0.0
26619,337772308514996224,-68.0589,-22.124000000000002,-230.852,-0.452892,-0.169277,-1.61684,0.0
26636,4512120842485760,-52.8596,-47.9124,-219.4,-2.21463,-1.9793,-9.13382,0.0
26870,558448621536673792,54.5686,46.3407,-226.672,1.10359,0.9653520000000001,-4.8600900000000005,0.0
26993,364802015177474048,-65.2563,28.4175,-235.68599999999998,-0.39821100000000004,0.195047,-1.39314,0.0
27129,743105689546653696,-49.4281,-53.6607,-161.069,-0.518203,-0.594342,-1.7232599999999998,0.0
27192,747603448018501632,-10.9785,-72.0652,-193.13099999999997,-0.028182099999999998,-0.335746,-0.896819,0.0
27204,779127752056897536,10.5611,-71.0574,-145.667,0.0894659,-0.7525229999999999,-1.50155,0.0
27278,63050669661093888,53.7266,-49.32,-159.827,0.301571,-0.30869800000000003,-0.941265,0.0
27431,4517962014789633,40.5937,59.0434,-156.099,0.107402,0.101588,-0.299881,0.0
27477,914239039412895744,18.3304,69.5506,-147.558,0.0984077,0.288382,-0.5789489999999999,0.0
27658,63057335450337280,-70.097,-17.7327,-88.4114,-0.312197,-0.100409,-0.39914499999999997,0.0
27769,364823936690552832,-30.6341,-64.445,-87.6293,-0.10862100000000001,-0.5342779999999999,-0.515055,0.0
27933,495400769374126080,41.9703,-59.3208,-70.6737,0.30853400000000003,-0.39511599999999997,-0.514575,0.0
28201,585470219300896768,20.9988,68.6339,-102.402,0.0976538,0.247185,-0.40375700000000003,0.0
28326,355801687870406656,-51.1058,52.6699,-71.0998,-0.31451999999999997,0.266298,-0.40524499999999997,0.0
28338,526925623168335872,-57.4463,42.2635,-120.189,-0.350067,0.283384,-0.75597,0.0
28369,963770801293623296,-62.8487,34.9952,-75.8711,-0.618999,0.368396,-0.781423,0.0
28543,126101133163757568,-55.6874,-45.9844,-47.4972,-0.15953900000000001,-0.160331,-0.161852,0.0
28822,864703841558331392,58.6945,-41.1664,-47.2875,0.45235,-0.290366,-0.342727,0.0
28879,454864593156571136,63.9727,-33.3648,-3.19293,0.985773,-0.491285,-0.042105800000000006,0.04320875690331137
28957,779124384802537472,71.76899999999999,-3.9016599999999997,-63.5829,0.367248,-1.70145e-05,-0.307347,0.0
29051,153126716657631232,66.7788,29.8692,-66.8755,0.501047,0.197639,-0.504691,0.0
29121,139618460396158976,55.8346,45.8491,-0.24664899999999998,0.289551,0.265276,-0.0470276,0.0
29310,355784782879129600,-8.387939999999999,71.585,-53.847,-0.0988414,0.6569689999999999,-0.47806899999999997,0.0
29456,797138233556205568,-59.9812,39.0545,-47.6596,-0.326802,0.23915999999999998,-0.259571,0.0
29477,630505390940880896,-65.8989,28.1021,-1.55837,-0.253952,0.13136,-0.0102515,0.0
29499,657526438949289984,-63.7375,34.0075,-52.6034,-0.7179180000000001,0.407984,-0.561118,0.0
29554,747609701490884608,-72.1434,12.8467,-27.469,-0.396494,0.0920545,-0.154104,0.0
29924,657533036019056640,37.934,-60.2747,10.5059,0.0864695,-0.17741400000000002,0.0396076,0.0
29965,432347007336579072,46.1483,-54.7778,42.913000000000004,0.186897,-0.187972,0.12109600000000001,0.0
30159,558451988791033856,69.1363,19.8026,46.2354,0.830644,0.259702,0.428688,0.0
30312,220683528566734848,37.3281,61.9948,18.9109,0.24776399999999998,0.36945100000000003,0.141681,0.0
30368,112593426658099200,0.890547,71.1475,25.1496,-0.0111655,0.656454,0.231679,0.0
30405,229699042878160896,-4.91858,71.9178,21.5988,-0.11973800000000001,1.42839,0.45908999999999994,0.041622956725968864
30413,598979918671380480,-11.4512,70.3318,52.6598,-0.118047,0.5852390000000001,0.307618,0.0
30459,716073508983013376,-18.0554,69.9472,3.7884900000000004,-0.23775100000000002,0.832945,0.112311,0.0
30616,968280242076516352,-68.4753,22.0166,1.22885,-0.569771,0.206461,0.05352819999999999,0.0
30729,180159584416038912,-60.7526,-38.1192,98.2947,-0.45738500000000004,-0.312269,0.673955,0.0
30745,675544548310515712,-59.6688,-39.6029,124.632,-0.485375,-0.296605,1.0036399999999999,0.0
30837,418839025953013760,-16.4801,-69.8388,87.5056,-0.252027,-1.16278,1.38252,0.03837064578368886
30958,495405648456974336,49.56,-51.7995,108.84200000000001,0.16711099999999998,-0.142224,0.319931,0.0
31089,873713445994758144,66.1484,27.4166,81.7722,0.144557,0.083569,0.18523900000000001,0.0
31232,675540837458771968,17.3304,69.7063,73.2417,0.137034,0.460316,0.501239,0.0
31401,225184929170849792,-68.7933,23.191999999999997,104.874,-0.22154000000000001,0.0975326,0.368222,0.0
31435,864693945953681408,-71.959,8.44187,120.81200000000001,-0.312368,0.0134387,0.5297569999999999,0.0
31492,761115140253810688,-65.2563,-31.1142,167.547,-0.423883,-0.181175,1.22023,0.0
31684,112596519034552320,69.0398,-18.3929,147.21,0.531796,-0.163329,1.14695,0.0
31739,837672485628411904,68.8385,20.4444,144.22299999999998,1.0906799999999999,0.30259899999999995,2.4508799999999997,0.03665979848520704
32113,923239366719963136,11.6466,-70.7938,228.602,0.148785,-0.767822,2.56511,0.0
32263,225187952827826176,49.8172,51.383,218.745,0.586479,0.5742729999999999,2.56968,0.0
32345,711580217277153280,-33.9408,63.8047,268.072,-0.387936,0.776442,3.2452,0.0
32390,229688253920313344,-63.4978,34.6621,254.875,-0.337652,0.20829,1.40154,0.0
32405,968290756156456960,-72.1441,12.8639,263.755,-0.813175,0.122004,3.01714,0.0
32428,409828390724435968,-66.5216,-25.4364,302.525,-0.24961,-0.117999,1.1915,0.0
32556,328764559521222657,54.3579,-47.3324,349.892,0.141538,-0.174054,-0.0841123,0.0
32572,364800846946369536,69.3132,-16.6375,318.472,0.18792799999999998,-0.0669015,0.923594,0.0
32599,815151876151443456,70.512,10.7087,280.862,0.16631600000000002,0.0464305,0.6841550000000001,0.0
32891,837677021113876480,73.1309,2.02026,365.526,0.19778900000000002,-0.016248,1.0245,0.0
32938,702562503942471680,43.042,57.5517,419.44,0.448396,0.635223,4.466559999999999,0.0
33123,382806105765445632,64.7493,-29.8025,432.671,0.202681,-0.11615299999999999,1.38191,0.0
33179,13512791746936832,12.5529,69.9494,482.325,0.072372,0.294035,2.069,0.0
33514,337772308514996224,-108.68700000000001,-38.2863,-377.245,-0.44377,-0.190443,-1.6165100000000001,0.0
33527,4512120842485760,-85.4781,-76.8114,-353.486,-2.23031,-1.9586400000000002,-9.13388,0.0
33688,558448621536673792,87.0987,75.2518,-371.235,1.08513,0.9816590000000001,-4.860469999999999,0.0
33778,364802015177474048,-105.007,49.3802,-376.94300000000004,-0.385884,0.21902,-1.39242,0.0
33880,747603448018501632,-12.8743,-114.679,-306.772,-0.00236385,-0.335956,-0.8960110000000001,0.0
34226,743105689546653696,-76.6258,-85.7795,-252.938,-0.499809,-0.610388,-1.7223400000000002,0.0
34293,779127752056897536,14.9577,-113.92,-230.96,0.0652527,-0.7555390000000001,-1.50073,0.0
34343,63050669661093888,82.7363,-80.6673,-252.9,0.28412600000000005,-0.325355,-0.9405709999999999,0.0
34486,914239039412895744,34.2252,110.54299999999999,-231.347,0.12171400000000002,0.278467,-0.578585,0.0
34635,63057335450337280,-111.90700000000001,-32.6403,-142.687,-0.30290500000000004,-0.12187100000000001,-0.399617,0.0
34968,585470219300896768,39.9178,110.11399999999999,-171.429,0.122802,0.236506,-0.402587,0.0
35071,526925623168335872,-91.5971,71.5432,-195.83700000000002,-0.332375,0.302611,-0.7559,0.0
35202,126101133163757568,-85.3351,-79.2216,-79.5193,-0.13932,-0.176695,-0.162512,0.0
35236,364823936690552832,-40.4972,-107.59,-129.504,-0.134174,-0.527713,-0.5149090000000001,0.0
35330,495400769374126080,69.6438,-92.9259,-115.001,0.329985,-0.380017,-0.512011,0.0
35379,864703841558331392,97.0349,-64.6145,-76.2032,0.463922,-0.26701199999999997,-0.34517800000000004,0.0
35417,779124384802537472,115.155,-2.1745799999999997,-99.5816,0.366747,0.0272366,-0.305664,0.0
35484,153126716657631232,107.354,44.6504,-107.171,0.511017,0.17238599999999998,-0.503053,0.0
35615,355784782879129600,-15.7822,115.545,-85.8894,-0.12303199999999999,0.6526569999999999,-0.477547,0.0
35673,355801687870406656,-84.0494,78.9235,-112.404,-0.33065300000000003,0.24685300000000002,-0.403918,0.0
35685,797138233556205568,-94.2487,65.9722,-75.7402,-0.308526,0.260316,-0.260508,0.0
35697,657526438949289984,-100.777,55.8558,-81.86399999999999,-0.703783,0.429893,-0.5616939999999999,0.0
35700,963770801293623296,-99.8965,57.9161,-123.12,-0.605503,0.38935,-0.7811100000000001,0.0
36100,454864593156571136,104.52600000000001,-52.8102,-4.930680000000001,0.9987739999999999,-0.462845,-0.041845,0.03386623494102852
36251,139618460396158976,86.9119,76.1188,-5.53265,0.27216999999999997,0.28228000000000003,-0.0472214,0.0
36558,630505390940880896,-105.20299999999999,50.4822,-3.17618,-0.241036,0.152354,-0.0101671,0.0
36604,747609701490884608,-114.21600000000001,24.1072,-43.7676,-0.389858,0.117222,-0.152256,0.0
36857,657533036019056640,54.3431,-101.238,19.3561,0.060287400000000005,-0.187384,0.0381996,0.0
36902,432347007336579072,79.6033,-84.8282,63.7327,0.204841,-0.16545,0.121403,0.0
37020,558451988791033856,110.93799999999999,33.5295,67.9344,0.8217049999999999,0.283223,0.429749,0.0
37113,220683528566734848,62.8921,97.7707,32.8908,0.268381,0.353921,0.142158,0.0
37181,112593426658099200,-0.578868,114.935,40.4779,-0.0348457,0.655547,0.22968000000000002,0.0
37207,229699042878160896,-8.958089999999999,115.139,35.4618,-0.146826,1.42559,0.45782799999999996,0.03427775035849707
37251,716073508983013376,-30.7939,112.23299999999999,9.50569,-0.26225,0.824998,0.11209300000000001,0.0
37358,968280242076516352,-109.926,37.9996,5.1452800000000005,-0.5596140000000001,0.23019099999999998,0.052983100000000005,0.0
37534,418839025953013760,-25.5333,-114.15700000000001,140.076,-0.2239,-1.1679700000000002,1.3822,0.026564279314442822
37749,873713445994758144,102.94200000000001,52.5705,130.60299999999998,0.130424,0.104727,0.18326900000000002,0.0
37841,675540837458771968,30.8504,111.59700000000001,119.105,0.159131,0.45272799999999996,0.500942,0.0
37913,598979918671380480,-21.2337,114.25299999999999,75.7702,-0.142254,0.579896,0.306386,0.0
38108,675544548310515712,-97.735,-61.5038,202.175,-0.49858500000000006,-0.271447,1.00274,0.0
38110,180159584416038912,-96.1472,-63.4524,151.113,-0.443004,-0.333499,0.672568,0.0
38239,495405648456974336,85.0176,-77.6377,172.59099999999998,0.184976,-0.118852,0.31893499999999997,0.0
38508,225184929170849792,-106.99700000000001,42.5357,170.011,-0.21030300000000002,0.12055999999999999,0.36730100000000004,0.0
38543,864693945953681408,-115.635,8.18933,194.743,-0.312987,-0.014912700000000001,0.528818,0.0
38729,112596519034552320,111.34,-32.423,238.68900000000002,0.525125,-0.18812,1.14494,0.0
38773,837672485628411904,112.23899999999999,31.9386,241.37900000000002,1.09796,0.276967,2.44998,0.031019829487482883
38985,761115140253810688,-104.537,-49.1138,282.501,-0.41103199999999995,-0.203239,1.22058,0.0
39430,923239366719963136,20.9255,-114.35600000000001,374.663,0.17593699999999998,-0.761426,2.56474,0.0
39534,225187952827826176,82.1677,82.2263,358.631,0.602776,0.556326,2.5693099999999998,0.0
39618,229688253920313344,-100.04799999999999,58.8216,409.91900000000004,-0.32361999999999996,0.22947199999999998,1.40107,0.0
39639,968290756156456960,-114.45200000000001,18.3738,420.209,-0.8173239999999999,0.0935353,3.01611,0.0
39796,815151876151443456,112.413,25.1949,456.459,0.158235,0.06801360000000001,0.6836369999999999,0.0
39869,711580217277153280,-52.485,102.41,428.24699999999996,-0.364553,0.787801,3.2446200000000003,0.0
40006,747603448018501632,-9.96309,-171.459,-457.80300000000005,0.0339181,-0.335007,-0.895174,0.0
40268,743105689546653696,-111.404,-130.204,-376.028,-0.47296400000000005,-0.632095,-1.7214099999999999,0.0
40341,63050669661093888,117.898,-123.855,-373.681,0.260469,-0.346412,-0.9393809999999999,0.0
40674,779127752056897536,18.5626,-170.637,-343.20599999999996,0.030816900000000005,-0.757877,-1.49981,0.0
40846,914239039412895744,59.4846,160.627,-338.524,0.15018900000000002,0.262336,-0.578593,0.0
40951,63057335450337280,-161.549,-55.4028,-209.118,-0.290138,-0.15200999999999998,-0.398135,0.0
41211,585470219300896768,68.47399999999999,157.696,-254.722,0.15044000000000002,0.22021999999999997,-0.40072199999999997,0.0
41442,364823936690552832,-56.5054,-163.024,-184.25599999999997,-0.166921,-0.5169100000000001,-0.51551,0.0
41503,495400769374126080,107.74799999999999,-133.442,-171.66099999999997,0.35637800000000003,-0.35479,-0.51172,0.0
41580,779124384802537472,172.488,4.86423,-148.16899999999998,0.359953,0.0620529,-0.30738499999999996,0.0
41601,153126716657631232,161.113,60.9774,-159.997,0.518727,0.139906,-0.504371,0.0
41732,355801687870406656,-131.918,111.428,-169.40099999999998,-0.349498,0.216946,-0.404519,0.0
41741,963770801293623296,-147.637,89.931,-185.706,-0.5865819999999999,0.41448100000000004,-0.781938,0.0
41848,126101133163757568,-116.819,-126.618,-121.074,-0.10965899999999999,-0.195208,-0.162911,0.0
41990,864703841558331392,145.006,-90.2572,-111.381,0.478583,-0.23778000000000002,-0.345702,0.0
42219,355784782879129600,-27.2834,169.609,-125.84100000000001,-0.15320899999999998,0.644271,-0.47922700000000007,0.0
42306,797138233556205568,-135.61700000000002,104.367,-111.86200000000001,-0.28372600000000003,0.286736,-0.25807399999999997,0.0
42312,657526438949289984,-148.495,86.4824,-120.315,-0.685246,0.46046800000000004,-0.559534,0.0
42609,454864593156571136,155.18,-75.2471,-6.964589999999999,1.01262,-0.430364,-0.0406264,0.028027203955962494
42739,139618460396158976,124.866,118.82,-12.3642,0.246923,0.30383899999999997,-0.0478505,0.0
42948,630505390940880896,-150.433,83.0018,-4.751469999999999,-0.220361,0.179426,-0.00791995,0.0
42987,747609701490884608,-166.27900000000002,42.1154,-64.3496,-0.378306,0.148618,-0.152176,0.0
43215,657533036019056640,66.2744,-158.637,30.3959,0.0221326,-0.195159,0.0361498,0.0
43412,220683528566734848,97.7776,140.285,50.2365,0.29467899999999997,0.332357,0.139727,0.0
43503,112593426658099200,-5.11192,171.03,60.0438,-0.0701571,0.652941,0.227354,0.0
43519,229699042878160896,-15.3593,170.84799999999998,53.4143,-0.180132,1.42077,0.45886400000000005,0.028156594247734708
43541,716073508983013376,-48.1886,163.915,16.5538,-0.290459,0.814661,0.111903,0.0
43619,968280242076516352,-160.688,60.4668,10.0082,-0.54593,0.259386,0.0524543,0.0
43848,432347007336579072,125.488,-117.575,89.5315,0.223531,-0.138494,0.120484,0.0
43917,558451988791033856,163.352,52.595,95.6074,0.809663,0.312254,0.43077,0.0
44056,598979918671380480,-36.3911,169.18400000000003,105.294,-0.174782,0.568967,0.308906,0.0
44095,743096206275645441,-105.116,136.069,124.848,0.00615396,-0.306654,-0.0939471,0.0
44283,418839025953013760,-35.0178,-167.38,202.886,-0.192658,-1.17333,1.3817,0.02361273293849207
44454,873713445994758144,144.68200000000002,93.9438,194.72299999999998,0.105091,0.128917,0.181278,0.0
44504,675540837458771968,51.1042,163.516,177.53,0.18873399999999999,0.439357,0.501629,0.0
44613,27022491134205954,-136.231,103.353,200.31,-0.00592613,-0.186217,-0.10284000000000001,0.0
44707,180159584416038912,-140.583,-99.1263,220.21,-0.420857,-0.36041100000000004,0.672038,0.0
44822,495405648456974336,136.032,-104.63600000000001,256.209,0.20168699999999998,-0.0873308,0.318355,0.0
45051,225184929170849792,-155.389,74.5798,257.216,-0.192814,0.148208,0.366149,0.0
45124,675544548310515712,-147.91,-86.9363,301.797,-0.512317,-0.240823,1.00305,0.0
45232,328764559521222657,126.113,-115.86399999999999,311.905,0.179141,-0.131622,-0.08502589999999999,0.0
45443,864693945953681408,-171.162,2.4297299999999997,289.519,-0.307231,-0.0489274,0.52956,0.0
45571,112596519034552320,164.65,-53.5136,356.52099999999996,0.510466,-0.220315,1.1452200000000001,0.0
45595,837672485628411904,166.86599999999999,44.768,362.468,1.1078,0.24349200000000001,2.4483200000000003,0.02537986048975872
45753,761115140253810688,-153.768,-75.7503,432.301,-0.392325,-0.23194099999999998,1.22112,0.0
71528,337772308514996224,-239.25400000000002,-109.524,-875.573,-0.399375,-0.270821,-1.61486,0.0
71547,4512120842485760,-197.419,-172.12400000000002,-806.1389999999999,-2.28301,-1.8915400000000002,-9.132489999999999,0.0
71663,558448621536673792,193.84400000000002,177.865,-863.012,1.02251,1.0450700000000002,-4.84786,0.0
71735,364802015177474048,-225.202,133.977,-840.568,-0.336794,0.28932399999999997,-1.39005,0.0
71822,747603448018501632,4.8066699999999996,-256.595,-688.0830000000001,0.0821729,-0.327287,-0.89266,0.0
71985,391819421070397441,-244.859,76.3532,-752.437,-0.218428,0.024251599999999998,0.12950799999999998,0.0
72036,743105689546653696,-163.755,-205.858,-576.5419999999999,-0.424817,-0.664198,-1.72005,0.0
72085,63050669661093888,167.774,-200.127,-572.09,0.213444,-0.376091,-0.9373889999999999,0.0
72375,779127752056897536,19.1452,-257.622,-514.887,-0.021557800000000002,-0.757229,-1.49843,0.0
72529,914239039412895744,109.186,232.63400000000001,-507.786,0.190262,0.23109000000000002,-0.577645,0.0
72876,585470219300896768,129.496,228.975,-396.148,0.19228299999999998,0.181549,-0.40000399999999997,0.0
73013,63057335450337280,-237.827,-102.944,-319.221,-0.25966999999999996,-0.195003,-0.397491,0.0
73063,364823936690552832,-87.6438,-245.62599999999998,-267.67900000000003,-0.21675100000000003,-0.49745900000000004,-0.513436,0.0
73129,495400769374126080,173.782,-192.892,-262.053,0.38613400000000003,-0.31608600000000003,-0.50574,0.0
73352,355801687870406656,-212.987,153.654,-259.937,-0.373568,0.161475,-0.404908,0.0
73369,963770801293623296,-215.15400000000002,141.306,-278.443,-0.554056,0.45449799999999996,-0.781331,0.0
73475,126101133163757568,-151.07,-210.81099999999998,-186.94400000000002,-0.058845299999999996,-0.215929,-0.158607,0.0
73560,864703841558331392,230.613,-127.55,-171.97,0.497061,-0.187403,-0.347482,0.0
73615,216177111457599489,261.17900000000003,-18.4308,-157.52,0.20149,-0.0403896,0.027188999999999998,0.0
73617,779124384802537472,261.145,26.8187,-225.28099999999998,0.34401,0.115973,-0.305442,0.0
73757,355784782879129600,-51.4966,255.09400000000002,-190.357,-0.20619200000000001,0.624983,-0.477001,0.0
73800,797138233556205568,-194.977,173.183,-170.111,-0.23986999999999997,0.31978,-0.256916,0.0
74288,797149022530838530,-79.7863,249.68900000000002,-80.6838,0.235602,0.17319500000000002,0.0312534,0.0
74402,747609701490884608,-249.267,81.6067,-98.9681,-0.352976,0.198902,-0.150015,0.0
74520,743096206275645441,-199.044,-169.513,24.2946,-0.175055,-0.24898499999999998,-0.09336339999999999,0.0
74613,657533036019056640,60.8311,-254.293,47.9179,-0.0370796,-0.188888,0.036874300000000006,0.0
74687,454864593156571136,237.002,-107.68700000000001,-10.1973,1.02972,-0.382942,-0.043107599999999996,0.020436608447731087
74819,139618460396158976,175.86700000000002,191.87900000000002,-22.8315,0.20025,0.334486,-0.0454831,0.0
74930,716073508983013376,-83.3023,252.364,28.9269,-0.344856,0.790992,0.111023,0.0
75021,630505390940880896,-214.375,146.83700000000002,-7.526160000000001,-0.183117,0.214768,-0.00814213,0.0
75036,968280242076516352,-240.017,102.68700000000001,17.5396,-0.5183180000000001,0.307653,0.0512586,0.0
75105,27022491134205954,-234.812,-115.124,65.2988,-0.133552,-0.12847999999999998,-0.100598,0.0
75269,432347007336579072,208.99,-157.11700000000002,131.874,0.246074,-0.0841013,0.120553,0.0
75359,558451988791033856,242.083,85.7541,138.192,0.7870010000000001,0.356582,0.43368500000000004,0.0
75401,220683528566734848,161.59799999999998,203.81799999999998,78.836,0.331385,0.293161,0.13875099999999999,0.0
75476,112593426658099200,-17.4898,257.503,90.2118,-0.11678800000000002,0.6446350000000001,0.22649,0.0
75478,229699042878160896,-28.2025,258.27,81.6833,-0.23224899999999998,1.41183,0.457528,0.018363106401401007
75492,598979918671380480,-65.2603,250.93599999999998,150.114,-0.222489,0.549535,0.309542,0.0
76141,180159584416038912,-203.081,-157.416,323.793,-0.384904,-0.39469899999999997,0.671239,0.0
76179,418839025953013760,-47.5992,-256.532,307.345,-0.140428,-1.18255,1.37774,0.013282121560677105
76274,328764559521222657,205.23,-160.375,277.9,0.205452,-0.08309630000000001,-0.0786961,0.0
76365,873713445994758144,191.114,176.638,298.952,0.0531794,0.156153,0.178954,0.0
76410,675540837458771968,90.7593,243.747,271.07599999999996,0.23590500000000003,0.41548100000000004,0.49911700000000003,0.0
76565,864693945953681408,-260.692,-20.4866,446.546,-0.293075,-0.105593,0.526979,0.0
76588,675544548310515712,-229.58,-120.978,457.814,-0.535043,-0.19165,0.9998950000000001,0.0
76700,495405648456974336,228.285,-130.315,396.33099999999996,0.21640900000000002,-0.0285595,0.317288,0.0
76883,225184929170849792,-220.923,139.059,395.783,-0.151564,0.18711,0.36387800000000003,0.0
77044,112596519034552320,243.262,-91.5632,536.045,0.49047399999999997,-0.264029,1.14269,0.0
77051,707077167422377985,253.55200000000002,-54.9404,519.294,0.311155,-0.165339,-0.08321339999999999,0.0
77076,837672485628411904,251.25900000000001,61.4964,547.923,1.11737,0.195596,2.4462599999999997,0.022559875990896643
77232,761115140253810688,-227.731,-125.355,669.8960000000001,-0.363188,-0.27665100000000004,1.21862,0.0
77549,810653774098993153,1.38792,-256.351,751.888,0.0872684,-0.17890599999999998,0.210742,0.0
77831,923239366719963136,61.2862,-254.25400000000002,851.63,0.258588,-0.740325,2.56215,0.0
77889,225187952827826176,195.07299999999998,175.891,817.206,0.660809,0.492829,2.5663,0.0
78116,711580217277153280,-106.759,236.88299999999998,969.303,-0.286717,0.821326,3.23927,0.0
78132,229688253920313344,-210.812,155.539,930.434,-0.27266399999999996,0.29230300000000004,1.39667,0.0
78257,815151876151443456,236.50900000000001,120.61399999999999,1068.45,0.10998,0.134913,0.678955,0.0
78387,747603448018501632,43.06,-363.07800000000003,-987.5060000000001,0.149425,-0.305514,-0.8907370000000001,0.0
78762,743105689546653696,-213.63099999999997,-290.543,-790.955,-0.376774,-0.69467,-1.71828,0.0
78787,63050669661093888,212.282,-293.26599999999996,-796.201,0.158974,-0.402381,-0.9361870000000001,0.0
79024,779127752056897536,12.4023,-357.211,-712.4169999999999,-0.081235,-0.753869,-1.49726,0.0
79126,914239039412895744,183.511,306.013,-709.778,0.23413899999999999,0.187616,-0.576342,0.0
79182,391819421070397441,-349.10699999999997,73.1844,-690.893,-0.21687399999999998,-0.0343124,0.127832,0.0
79360,94579028165402626,335.505,132.19,-578.225,-0.00162988,0.11138699999999999,0.0059786,0.0
79683,585470219300896768,210.395,289.543,-549.448,0.227367,0.131744,-0.400124,0.0
79840,63057335450337280,-316.344,-174.997,-449.88199999999995,-0.21631199999999998,-0.24261999999999997,-0.39581900000000003,0.0
79876,364823936690552832,-133.667,-336.801,-364.39599999999996,-0.27171,-0.46695600000000004,-0.514178,0.0
79939,495400769374126080,255.896,-252.187,-364.782,0.417587,-0.268588,-0.5063,0.0
80097,963770801293623296,-292.999,211.084,-392.43,-0.511316,0.502966,-0.779891,0.0
80113,355801687870406656,-307.457,186.50099999999998,-359.52,-0.393563,0.107543,-0.402663,0.0
80198,126101133163757568,-164.127,-320.899,-265.844,0.00450128,-0.22165700000000002,-0.15901500000000002,0.0
80331,779124384802537472,353.314,66.6395,-309.853,0.320789,0.16771,-0.304614,0.0
80442,355784782879129600,-86.1197,346.212,-261.033,-0.263054,0.602083,-0.477177,0.0
80685,864703841558331392,329.142,-158.264,-239.488,0.5155489999999999,-0.127934,-0.34574499999999997,0.0
80895,797138233556205568,-251.55900000000003,262.567,-238.06400000000002,-0.187621,0.354389,-0.253037,0.0
80915,657526438949289984,-299.277,204.572,-249.544,-0.614263,0.552088,-0.555197,0.0
81186,216177111457599489,355.934,-52.4656,-144.216,0.182249,-0.0938128,0.023578599999999998,0.0
81281,797149022530838530,127.059,337.32199999999995,-56.3288,0.28730900000000004,0.047151599999999995,0.034665499999999995,0.0
81417,747609701490884608,-331.70099999999996,136.38,-135.636,-0.319204,0.249419,-0.147931,0.0
81491,27022491134205954,-317.485,-171.918,10.472999999999999,-0.167855,-0.0733602,-0.102337,0.0
81514,743096206275645441,-265.778,-246.65,-7.151089999999999,-0.219952,-0.207794,-0.0960154,0.0
81648,454864593156571136,332.787,-140.322,-14.1706,1.04887,-0.324073,-0.0433841,0.015765329370045357
81762,139618460396158976,221.22299999999998,283.224,-34.7422,0.14624700000000002,0.359941,-0.0460416,0.0
81862,716073508983013376,-123.819,337.57800000000003,41.0643,-0.394771,0.7664,0.10809400000000001,0.0
81910,630505390940880896,-274.665,236.649,-10.5892,-0.130191,0.249385,-0.00634637,0.0
81928,968280242076516352,-327.204,160.787,26.4577,-0.48275500000000005,0.359433,0.05174109999999999,0.0
82109,657533036019056640,20.9495,-358.01599999999996,69.3488,-0.097323,-0.165072,0.0358588,0.0
82274,220683528566734848,240.877,264.907,110.245,0.366897,0.246354,0.1376,0.0
82344,112593426658099200,-41.2122,359.92400000000004,126.601,-0.180299,0.62875,0.227334,0.0
82356,229699042878160896,-45.8993,353.694,112.725,-0.289946,1.39982,0.458638,0.018363106401401007
82594,432347007336579072,313.27299999999997,-178.92700000000002,181.394,0.257975,-0.0197854,0.120496,0.0
82595,328764559521222657,308.115,-185.644,240.18599999999998,0.22036,-0.0209776,-0.0764306,0.0
82632,558451988791033856,335.496,132.227,190.58,0.757318,0.413389,0.43460200000000004,0.0
82739,598979918671380480,-109.76100000000001,346.1,205.0,-0.276902,0.524108,0.30801100000000003,0.0
83275,180159584416038912,-272.22,-236.803,452.02,-0.338964,-0.434878,0.670035,0.0
83308,418839025953013760,-57.0066,-357.561,424.72,-0.0792529,-1.18855,1.37642,0.013282121560677105
83490,873713445994758144,203.762,300.058,434.88599999999997,-0.0224391,0.163002,0.177007,0.0
83504,675540837458771968,146.58,329.01300000000003,377.594,0.286991,0.38219000000000003,0.497983,0.0
83755,495405648456974336,336.284,-128.78,553.845,0.21467399999999998,0.035977800000000004,0.316776,0.0
83764,707077167422377985,339.338,-110.462,495.202,0.27932199999999996,-0.213621,-0.0817382,0.0
83912,225184929170849792,-277.027,230.84400000000002,558.665,-0.095873,0.22181900000000002,0.362201,0.0
83967,864693945953681408,-356.288,-66.2461,626.252,-0.264548,-0.16295199999999999,0.524972,0.0
83982,675544548310515712,-330.839,-151.03799999999998,643.712,-0.552437,-0.130477,0.998944,0.0
84332,112596519034552320,327.814,-142.82399999999998,739.191,0.459075,-0.31158600000000003,1.14301,0.0
84356,837672485628411904,353.13199999999995,76.6055,770.1160000000001,1.12446,0.13402999999999998,2.4462099999999998,0.012689966437967968
84731,761115140253810688,-306.217,-193.78799999999998,948.174,-0.321946,-0.32377,1.2176799999999999,0.0
84774,810653774098993153,71.7305,-353.221,879.546,0.141,-0.130944,0.215,0.0
85197,779127752056897536,-11.0639,-499.82800000000003,-998.176,-0.16471,-0.737599,-1.49757,0.0
85281,914239039412895744,323.62,386.07800000000003,-1021.56,0.280196,0.107504,-0.572917,0.0
85729,585470219300896768,364.05400000000003,344.04699999999997,-799.6569999999999,0.258152,0.0406221,-0.399963,0.0
86078,63057335450337280,-402.67800000000005,-305.468,-641.194,-0.138456,-0.293044,-0.395495,0.0
86322,391819421070397441,-502.824,11.2085,-593.986,-0.179999,-0.12490599999999999,0.125389,0.0
86385,364823936690552832,-214.74099999999999,-453.825,-500.13300000000004,-0.340611,-0.415054,-0.5165850000000001,0.0
86448,495400769374126080,382.212,-318.83299999999997,-510.61199999999997,0.45367399999999997,-0.189911,-0.509885,0.0
86583,963770801293623296,-386.777,314.698,-544.434,-0.451171,0.5583779999999999,-0.778359,0.0
86593,355801687870406656,-453.00300000000004,209.797,-505.403,-0.405134,0.021811900000000002,-0.403723,0.0
86675,126101133163757568,-121.618,-486.26599999999996,-389.43,0.0986568,-0.197271,-0.15923299999999999,0.0
86797,779124384802537472,479.67,154.82,-439.94,0.267585,0.240056,-0.30499699999999996,0.0
86894,355784782879129600,-153.805,476.561,-367.774,-0.340884,0.561772,-0.47573000000000004,0.0
87105,864703841558331392,463.832,-180.81099999999998,-328.474,0.527558,-0.043994599999999995,-0.346715,0.0
87262,797138233556205568,-304.67400000000004,395.717,-328.70099999999996,-0.10761199999999999,0.385229,-0.252837,0.0
87275,657526438949289984,-398.871,303.741,-344.02099999999996,-0.554042,0.614405,-0.551556,0.0
87649,747609701490884608,-440.38300000000004,243.144,-191.43099999999998,-0.253809,0.313702,-0.149766,0.0
87702,27022491134205954,-461.814,-196.662,-72.1293,-0.181874,0.0137191,-0.101065,0.0
87719,743096206275645441,-379.024,-327.291,-51.3507,-0.26877199999999996,-0.13761600000000002,-0.0943334,0.0
87851,216177111457599489,477.13300000000004,-157.17,-125.589,0.11875999999999999,-0.165454,0.0241959,0.0
87938,139618460396158976,260.89799999999997,426.121,-52.336000000000006,0.0613495,0.38232,-0.04644380000000001,0.0
88287,454864593156571136,469.485,-176.813,-19.7751,1.07013,-0.241044,-0.0445161,0.015765329370045357
88371,797149022530838530,405.01,300.691,-22.351999999999997,0.265314,-0.11755499999999999,0.035387199999999994,0.0
88485,630505390940880896,-322.383,381.971,-14.0735,-0.0432723,0.277196,-0.00729172,0.0
88512,968280242076516352,-433.337,251.97099999999998,38.4748,-0.427785,0.422541,0.050361,0.0
88624,657533036019056640,-117.764,-484.648,105.24600000000001,-0.172611,-0.0789082,0.037795,0.0
88768,220683528566734848,368.05400000000003,333.24800000000005,155.282,0.40728200000000003,0.17028800000000002,0.13609000000000002,0.0
88852,716073508983013376,-194.044,458.959,58.6713,-0.46557299999999996,0.724471,0.109154,0.0
89079,328764559521222657,477.93699999999995,-161.791,180.572,0.205927,0.0789959,-0.0746128,0.0
89082,432347007336579072,479.32199999999995,-159.329,259.811,0.24459699999999998,0.0781689,0.119555,0.0
89217,229699042878160896,-79.6922,495.014,159.361,-0.37303800000000004,1.3791200000000001,0.458647,0.018363106401401007
89222,112593426658099200,-89.7258,494.903,176.547,-0.261013,0.598459,0.228688,0.0
89468,558451988791033856,453.285,204.043,260.101,0.712112,0.484324,0.43613199999999996,0.0
89547,598979918671380480,-181.707,462.145,276.062,-0.34594899999999995,0.478963,0.31017,0.0
89773,707077167422377985,449.43300000000005,-220.40200000000002,459.135,0.21524400000000002,-0.276123,-0.0788423,0.0
90196,675540837458771968,241.173,434.41900000000004,525.359,0.349079,0.327135,0.496561,0.0
90309,180159584416038912,-353.219,-359.376,630.789,-0.265627,-0.478479,0.668099,0.0
90340,418839025953013760,-61.4721,-501.10699999999997,590.649,0.00599504,-1.19146,1.37522,0.013282121560677105
90740,873713445994758144,88.5022,489.29900000000004,682.865,-0.133803,0.09153410000000001,0.17779,0.0
90912,495405648456974336,497.855,-60.4076,812.071,0.17414300000000002,0.128937,0.316591,0.0
91042,675544548310515712,-466.851,-173.31799999999998,886.429,-0.5616760000000001,-0.0535616,1.0000799999999999,0.0
91045,864693945953681408,-469.785,-159.718,875.9910000000001,-0.212871,-0.223867,0.5250020000000001,0.0
91335,112596519034552320,445.64099999999996,-236.555,1050.39,0.407634,-0.37522,1.14246,0.0
91347,837672485628411904,491.973,88.4892,1071.42,1.12909,0.0585596,2.4462,0.012689966437967968
91863,63057335450337280,-452.159,-480.832,-864.8689999999999,-0.03408730000000001,-0.3234,-0.393779,0.0
92181,495400769374126080,545.0219999999999,-368.05,-687.227,0.48417200000000005,-0.0924336,-0.507273,0.0
92302,963770801293623296,-482.315,451.11699999999996,-725.1080000000001,-0.370249,0.6152029999999999,-0.777147,0.0
92323,355801687870406656,-625.681,197.079,-678.436,-0.397569,-0.0808383,-0.40268400000000004,0.0
92373,364823936690552832,-334.241,-574.311,-663.699,-0.412833,-0.342896,-0.515827,0.0
92455,779124384802537472,593.073,291.995,-591.681,0.183687,0.306312,-0.306232,0.0
92560,391819421070397441,-636.111,-158.715,-469.029,-0.07954810000000001,-0.20343699999999998,0.124286,0.0
92646,418843080418926594,414.624,-511.97900000000004,-542.376,0.28134899999999996,-0.118593,-0.18817,0.0
92804,355784782879129600,-250.199,611.283,-487.85400000000004,-0.422484,0.5031800000000001,-0.473033,0.0
92993,864703841558331392,637.572,-178.12,-442.472,0.5250319999999999,0.059454599999999996,-0.347081,0.0
93125,797138233556205568,-329.244,576.975,-444.721,0.00096683,0.399005,-0.252902,0.0
93138,657526438949289984,-501.048,431.505,-453.148,-0.477595,0.674145,-0.551527,0.0
93462,747609701490884608,-531.276,391.18300000000005,-256.098,-0.165356,0.366165,-0.15078,0.0
93503,27022491134205954,-653.6419999999999,-108.846,-191.77700000000002,-0.128393,0.126177,-0.10289000000000001,0.0
93844,743096206275645441,-542.002,-378.62699999999995,-104.693,-0.298192,-0.0395179,-0.09404789999999999,0.0
93940,216177111457599489,539.153,-383.485,-97.0778,-0.0185055,-0.20161600000000002,0.0229556,0.0
94029,139618460396158976,264.626,605.188,-73.6731,-0.0431031,0.383959,-0.0468723,0.0
94284,454864593156571136,631.433,-205.683,-26.4667,1.08637,-0.145234,-0.0463222,0.018100887474438856
94315,797149022530838530,661.831,25.7512,25.4113,0.09907780000000001,-0.271131,0.0379974,0.0
94420,630505390940880896,-309.312,584.0880000000001,-19.3365,0.08034089999999999,0.267708,-0.00463246,0.0
94452,968280242076516352,-544.4680000000001,382.43699999999995,52.8435,-0.346124,0.490179,0.0500891,0.0
94646,328764559521222657,660.197,-9.28829,99.0602,0.11490299999999999,0.187146,-0.0720917,0.0
94757,716073508983013376,-291.922,593.4019999999999,79.7841,-0.544791,0.665533,0.108874,0.0
95017,220683528566734848,543.64,382.14,211.66400000000002,0.43708199999999997,0.0612741,0.132516,0.0
95067,229699042878160896,-127.35799999999999,650.035,211.47299999999998,-0.46585200000000004,1.34857,0.46245600000000003,0.023259850324567854
95072,112593426658099200,-167.16400000000002,640.9580000000001,234.562,-0.349609,0.550139,0.228255,0.0
95305,432347007336579072,659.102,-46.9645,359.94699999999995,0.176015,0.184053,0.121433,0.0
95325,558451988791033856,585.539,305.691,344.645,0.6497029999999999,0.56382,0.436555,0.0
95573,707077167422377985,540.215,-386.595,416.588,0.115973,-0.329354,-0.0787418,0.0
95676,598979918671380480,-297.03,595.014,368.652,-0.42618,0.40779699999999997,0.309896,0.0
96298,418839025953013760,-55.0133,-654.141,767.45,0.0944087,-1.18541,1.3762299999999998,0.01918523240912291
96417,675540837458771968,379.144,538.736,705.428,0.408831,0.246721,0.49630799999999997,0.0
96517,180159584416038912,-420.23800000000006,-509.347,831.673,-0.179238,-0.51683,0.6673319999999999,0.0
107932,495400769374126080,725.299,-382.63599999999997,-873.837,0.490962,0.00699635,-0.507548,0.0
108031,963770801293623296,-557.6419999999999,597.749,-903.654,-0.286905,0.6587970000000001,-0.7753,0.0
108045,355801687870406656,-811.295,130.381,-875.507,-0.35630300000000004,-0.191693,-0.402427,0.0
108090,364823936690552832,-473.3,-669.5369999999999,-826.061,-0.46555100000000005,-0.258334,-0.511612,0.0
108190,779124384802537472,667.1519999999999,485.619,-770.88,0.0657637,0.348247,-0.307673,0.0
108599,418843080418926594,556.734,-602.0,-646.511,0.22376,-0.20630300000000001,-0.187467,0.0
108740,355784782879129600,-372.829,735.6489999999999,-613.873,-0.496564,0.428155,-0.473233,0.0
108889,864703841558331392,807.3960000000001,-141.643,-556.719,0.505001,0.16230999999999998,-0.341821,0.0
108980,797138233556205568,-303.48400000000004,758.607,-561.507,0.111311,0.381169,-0.25353200000000004,0.0
108995,657526438949289984,-586.7280000000001,568.862,-561.284,-0.39460500000000004,0.723547,-0.5531149999999999,0.0
109523,747609701490884608,-583.628,571.276,-326.095,-0.05465509999999999,0.397266,-0.149903,0.0
109562,743096206275645441,-737.7819999999999,-365.81199999999995,-166.304,-0.289984,0.0775725,-0.09082269999999999,0.0
110034,139618460396158976,213.24599999999998,793.795,-97.4313,-0.158851,0.350594,-0.046562,0.0
110240,454864593156571136,793.91,-219.995,-33.3677,1.0938299999999999,-0.04844419999999999,-0.0466464,0.026859433952037895
110341,630505390940880896,-160.97,807.3689999999999,-23.7001,0.215354,0.176155,-0.00122369,0.0
110667,716073508983013376,-403.48,714.6310000000001,100.648,-0.618373,0.596816,0.105618,0.0
110692,968280242076516352,-628.811,526.012,66.77,-0.259506,0.539909,0.050816,0.0
111159,220683528566734848,721.245,385.216,265.247,0.437855,-0.04774930000000001,0.13159300000000002,0.0
111217,229699042878160896,-183.47299999999998,796.5369999999999,262.35200000000003,-0.558304,1.31229,0.461596,0.03182928791419212
111220,112593426658099200,-265.91900000000004,772.959,292.42900000000003,-0.428447,0.489393,0.229758,0.0
111370,707077167422377985,573.198,-590.512,370.336,-0.00377114,-0.349613,-0.0726025,0.0
111431,558451988791033856,703.914,421.02099999999996,428.591,0.5797859999999999,0.634737,0.43552399999999997,0.0
111505,598979918671380480,-428.43,700.783,457.56300000000005,-0.48845900000000003,0.32698299999999997,0.31153600000000004,0.0
112507,418839025953013760,-35.8522,-815.6510000000001,955.8,0.181576,-1.17439,1.37539,0.026564279314442822
112604,675540837458771968,539.344,613.423,889.993,0.452287,0.155423,0.494358,0.0
112713,180159584416038912,-462.596,-679.552,1046.21,-0.08522510000000001,-0.53933,0.666805,0.0
112927,364823936690552832,-685.515,-754.518,-1046.81,-0.510918,-0.130313,-0.508097,0.0
113042,779124384802537472,647.0740000000001,789.5310000000001,-1040.74,-0.10003300000000001,0.334417,-0.312342,0.0
113524,355784782879129600,-552.48,861.53,-772.821,-0.569264,0.31850100000000003,-0.475419,0.0
113691,864703841558331392,1014.33,-43.9782,-704.793,0.44374399999999997,0.288837,-0.34082399999999996,0.0
113773,797138233556205568,-167.081,1007.97,-745.217,0.257063,0.29737800000000003,-0.255731,0.0
113795,657526438949289984,-674.055,763.51,-704.648,-0.274237,0.774274,-0.555664,0.0
114492,747609701490884608,-560.111,858.2310000000001,-434.778,0.11575,0.38253200000000004,-0.149204,0.0
114536,743096206275645441,-1000.8,-191.926,-263.426,-0.182318,0.237053,-0.09103430000000001,0.0
115421,454864593156571136,1000.35,-217.287,-42.1792,1.09105,0.0777069,-0.0472679,0.031530694933179323
115814,716073508983013376,-562.231,846.91,126.109,-0.697362,0.499802,0.108622,0.0
115820,968280242076516352,-702.2280000000001,736.982,85.8124,-0.13171300000000002,0.583128,0.0550466,0.0
116148,707077167422377985,478.575,-901.375,303.124,-0.188289,-0.28367600000000004,-0.06797760000000001,0.0
116201,220683528566734848,969.7810000000001,311.73400000000004,343.587,0.39211799999999997,-0.196069,0.13428900000000002,0.0
116267,229699042878160896,-271.973,981.7660000000001,328.866,-0.667511,1.2586600000000001,0.462611,0.03672603183735897
116549,112593426658099200,-431.50199999999995,926.221,372.412,-0.522087,0.388303,0.226305,0.0
116718,558451988791033856,834.826,587.2869999999999,536.009,0.485454,0.707865,0.435924,0.0
96584,0,536.39,-390.332,781.018,164128.0,-63904.9,984367.0,0.0
84842,0,315.89799999999997,167.665,965.398,51687.1,150851.0,987204.0,0.0
75604,0,-256.492,47.6985,155.977,-878273.0,172140.0,446099.0,0.0
115428,0,1020.21,-89.3036,-3.7818400000000003,835055.0,542499.0,91534.2,0.0
72265,0,-253.521,62.9019,-622.116,-637041.0,-198718.0,-744775.0,0.0
44023,0,30.3035,169.963,103.598,-518978.0,854517.0,21504.2,0.0
107805,0,-459.625,679.7769999999999,-1057.4,-810008.0,503665.0,-300349.0,0.0
95196,0,-348.73699999999997,-558.099,257.79200000000003,-324493.0,-104253.0,940125.0,0.0
33769,0,-97.3466,63.8849,-350.959,106282.0,-72200.2,-991711.0,0.0
21655,0,-30.5545,-12.9872,51.4211,-597578.0,-677935.0,428141.0,0.0
39152,0,115.685,-8.81908,306.069,807610.0,307328.0,503305.0,0.0
40876,0,-8.18995,172.963,-332.495,109846.0,517252.0,-848754.0,0.0
26884,0,42.2845,57.4335,-245.007,628766.0,278940.0,-725841.0,0.0
108270,0,-773.164,276.501,-814.2189999999999,-662155.0,137037.0,-736730.0,0.0
94656,0,650.727,96.1077,128.816,535801.0,295034.0,791121.0,0.0
112037,0,-811.2310000000001,-92.8997,730.948,-296764.0,-262415.0,918188.0,0.0
94999,0,653.578,124.929,194.43200000000002,989587.0,-130487.0,60754.2,0.0
117032,0,-145.366,1010.82,618.4209999999999,-670953.0,700903.0,241987.0,0.0
42357,0,-168.425,31.9787,-102.963,-821854.0,-1243.41,-569697.0,0.0
115617,0,-552.144,-853.0110000000001,115.414,-114462.0,-942760.0,313213.0,0.0
77727,0,-187.498,175.738,670.69,159094.0,-324252.0,932497.0,0.0
90022,0,-426.314,-263.024,519.237,-538282.0,-579053.0,612332.0,0.0
109034,0,-806.7389999999999,123.33,-542.635,-630073.0,331853.0,-702055.0,0.0
115129,0,837.482,-578.307,-142.465,740827.0,-416521.0,-526959.0,0.0
111249,0,-591.309,565.295,311.631,-851333.0,388803.0,-352227.0,0.0
109538,0,-715.2289999999999,395.95300000000003,-323.258,-827354.0,215937.0,-518514.0,0.0
78619,0,360.17699999999996,-9.381210000000001,-917.823,-271472.0,83611.3,-958808.0,0.0
93628,0,617.563,-231.762,-167.771,508062.0,-828525.0,235413.0,0.0
40469,0,35.9058,167.28900000000002,-412.68,189960.0,371860.0,-908645.0,0.0
25732,0,17.7188,26.9105,362.99800000000005,23339.6,125225.0,991854.0,0.0
117357,0,-506.499,-886.683,862.321,-901624.0,-287806.0,322866.0,0.0
93126,0,-308.348,584.432,-402.42199999999997,-308012.0,945424.0,-106307.0,0.0
28066,0,72.8468,1.09202,-111.209,476108.0,-172209.0,-862360.0,0.0
93925,0,395.26599999999996,-523.259,-108.23899999999999,114711.0,-894571.0,431955.0,0.0
117531,0,-784.405,651.743,863.985,-119249.0,881943.0,456021.0,0.0
110146,0,-755.84,-327.004,25.9371,-961933.0,-216508.0,166758.0,0.0
109536,0,-715.586,395.481,-273.707,-331562.0,931107.0,-152007.0,0.0
108913,0,771.75,272.194,-557.254,904361.0,-168813.0,-391962.0,0.0
95813,0,467.58,-462.337,558.679,586293.0,-280528.0,759977.0,0.0
41178,0,123.70200000000001,119.105,-217.81400000000002,-56416.8,-87983.0,-994523.0,0.0
89444,0,471.81,-153.895,270.83,295276.0,-182972.0,937728.0,0.0
95118,0,-549.548,367.468,193.484,-330431.0,932921.0,143088.0,0.0
93801,0,-648.653,135.069,-258.847,-300715.0,453794.0,-838833.0,0.0
80652,0,254.46099999999998,-253.375,-159.269,622547.0,-137649.0,-770382.0,0.0
71930,0,14.4479,259.06,-765.8919999999999,466323.0,754116.0,-462442.0,0.0
85399,0,-222.132,-448.399,-874.872,-419038.0,-842868.0,-337610.0,0.0
114929,0,755.9889999999999,691.169,-174.62599999999998,875053.0,307289.0,373973.0,0.0
112406,0,-270.152,775.164,864.245,342434.0,892449.0,293724.0,0.0
94057,0,-22.2714,655.632,-104.39299999999999,17458.5,885493.0,464325.0,0.0
79418,0,12.7736,362.49800000000005,-618.911,-63018.0,684770.0,-726029.0,0.0
112645,0,-303.57,758.586,914.275,-189012.0,766692.0,613562.0,0.0
26288,0,-70.1181,-14.4298,-287.802,-415439.0,-454791.0,-787766.0,0.0
111332,0,-187.328,-800.607,433.37300000000005,-592999.0,-498413.0,632405.0,0.0
108670,0,562.035,600.3240000000001,-651.024,650500.0,749617.0,-122166.0,0.0
109707,0,622.102,537.653,-234.178,305025.0,862895.0,402954.0,0.0
85268,0,422.12699999999995,265.628,-1041.22,191493.0,67889.7,-979143.0,0.0
74986,0,-170.5,198.429,-26.1709,-160858.0,984054.0,75910.5,0.0
108609,0,720.9760000000001,-393.27099999999996,-602.578,961598.0,252003.0,108735.0,0.0
114798,0,-921.054,-449.20099999999996,-203.459,-547480.0,-148983.0,-823450.0,0.0
115448,0,947.837,374.375,-33.1345,647288.0,758268.0,-77769.7,0.0
92720,0,586.045,304.123,-501.499,980232.0,43298.9,-193053.0,0.0
111729,0,-49.6804,814.936,494.57099999999997,31644.0,451782.0,891567.0,0.0
95405,0,-298.074,584.95,339.283,-437797.0,874587.0,208401.0,0.0
116640,0,188.123,-1000.94,565.8380000000001,90686.6,-900590.0,425104.0,0.0
95948,0,-221.162,624.081,509.30699999999996,239990.0,968301.0,69264.5,0.0
37051,0,98.9275,60.0404,20.5388,782083.0,490754.0,384067.0,0.0
32527,0,35.4091,-62.1191,304.959,153382.0,-132409.0,979256.0,0.0
93280,0,202.382,-627.073,-312.841,-148380.0,-966433.0,209741.0,0.0
39627,0,-104.15899999999999,54.0721,414.647,-764173.0,-278580.0,581750.0,0.0
110356,0,-293.073,770.748,24.2032,-93944.7,887348.0,-451428.0,0.0
85825,0,-410.59,-282.5,-689.91,-619942.0,-600073.0,-505553.0,0.0
113203,0,1001.21,-187.562,-932.995,826573.0,-462822.0,-320268.0,0.0
45390,0,-66.1202,158.73,292.877,67932.9,662131.0,746303.0,0.0
111319,0,-449.464,-691.8380000000001,422.935,12457.3,-420140.0,907374.0,0.0
93548,0,-329.376,-570.489,-157.763,145770.0,-983434.0,107740.0,0.0
112488,0,-372.29,-733.123,887.791,-266372.0,-570505.0,776898.0,0.0
114766,0,-938.705,393.522,-347.70599999999996,-286605.0,624714.0,-726354.0,0.0
116438,0,921.313,-437.853,427.50300000000004,349311.0,-250091.0,903015.0,0.0
89445,0,484.06199999999995,-127.31700000000001,305.281,909495.0,282983.0,304531.0,0.0
89465,0,476.61,155.334,342.824,255706.0,-100192.0,961549.0,0.0
91771,0,121.11200000000001,647.248,-897.0010000000001,218637.0,166980.0,-961413.0,0.0
116774,0,148.096,1007.48,507.603,154220.0,985061.0,-76624.8,0.0
44817,0,121.852,-122.61200000000001,211.17700000000002,790155.0,-3418.2,612897.0,0.0
75273,0,179.13400000000001,-182.984,145.252,950624.0,-59345.9,304618.0,0.0
43711,0,-132.446,-109.844,94.6127,-732001.0,-679648.0,-47458.1,0.0
108719,0,-98.8515,814.312,-632.052,109370.0,943540.0,-312684.0,0.0
85975,0,130.878,479.23199999999997,-730.8589999999999,138259.0,500797.0,-854451.0,0.0
80863,0,-101.65100000000001,347.165,-194.31400000000002,-225499.0,865972.0,-446366.0,0.0
117352,0,-750.37,-688.4069999999999,876.53,-992684.0,-30759.5,116756.0,0.0
117607,0,-373.27,-950.918,884.562,-602596.0,-609824.0,514774.0,0.0
115716,0,1013.67,117.917,59.379,743018.0,316153.0,589891.0,0.0
39840,0,20.4432,113.87100000000001,489.515,-20957.2,-300530.0,953542.0,0.0
109635,0,412.661,-707.446,-242.174,158603.0,-976528.0,145732.0,0.0
115293,0,-1015.95,65.8519,-119.113,-821969.0,-545687.0,-163072.0,0.0
96884,0,127.85700000000001,644.9019999999999,905.1489999999999,239450.0,166457.0,956533.0,0.0
73350,0,-194.778,169.43099999999998,-322.587,-131457.0,165633.0,-977387.0,0.0
113813,0,-994.702,223.485,-713.794,-182589.0,-24694.9,-982879.0,0.0
26495,0,37.9449,62.2963,-287.086,203376.0,109074.0,-973006.0,0.0
32549,0,54.7015,-46.7684,298.721,-334097.0,40347.4,941675.0,0.0
85447,0,316.221,-389.49199999999996,-910.365,86441.4,-80977.3,-992961.0,0.0
80671,0,310.837,-192.581,-173.15200000000002,110872.0,-311229.0,-943845.0,0.0
111683,0,665.3430000000001,482.555,526.3009999999999,261295.0,914324.0,309413.0,0.0
107881,0,-114.79,-809.203,-962.8439999999999,487234.0,-866630.0,-107499.0,0.0
37397,0,-116.58,-4.35067,83.5138,-105232.0,-18151.8,994282.0,0.0
26536,0,-17.187,70.8961,-335.98699999999997,-57116.6,-210725.0,-975875.0,0.0
110269,0,808.028,141.16,-47.4142,947674.0,-146125.0,283833.0,0.0
116147,0,488.38599999999997,-898.065,268.173,466006.0,-811481.0,-352615.0,0.0
109632,0,410.966,-715.075,-196.93900000000002,675108.0,-667780.0,-313527.0,0.0
96105,0,485.43699999999995,-444.98900000000003,592.03,802822.0,-595700.0,-24866.4,0.0
85027,0,356.694,-59.6367,1055.19,-254892.0,-157962.0,953980.0,0.0
45643,0,73.2893,156.914,352.48,504905.0,338633.0,793976.0,0.0
111950,0,320.363,755.355,618.9730000000001,548739.0,830916.0,92004.5,0.0
92234,0,427.967,496.55199999999996,-758.3480000000001,979802.0,156422.0,-124577.0,0.0
43289,0,146.722,-90.875,67.8965,936040.0,-350499.0,-31291.1,0.0
27189,0,-10.880999999999998,-72.0611,-207.2,86246.0,-848191.0,-522621.0,0.0
117846,0,-635.028,-802.757,1030.45,-309282.0,-610580.0,729066.0,0.0
79346,0,362.30400000000003,34.8445,-671.428,560498.0,305111.0,-769902.0,0.0
95977,0,-534.875,379.27099999999996,478.606,-506318.0,13986.1,862234.0,0.0
79776,0,-306.129,183.36,-524.271,-63792.5,106884.0,-992223.0,0.0
92200,0,644.101,-122.066,-744.071,817691.0,526429.0,-232924.0,0.0
80310,0,355.074,-55.077,-326.448,784664.0,479513.0,-392898.0,0.0
116244,0,163.029,1002.95,290.465,433834.0,876007.0,-210711.0,0.0
84802,0,282.64599999999996,-217.549,886.773,367092.0,-151971.0,917686.0,0.0
112681,0,-810.5010000000001,132.67600000000002,952.2230000000001,-441744.0,119358.0,889166.0,0.0
94440,0,-492.33099999999996,447.219,9.45153,-234296.0,934472.0,268080.0,0.0
109057,0,-798.638,-193.68599999999998,-412.05199999999996,-990397.0,18705.6,136981.0,0.0
111900,0,797.45,-212.43599999999998,605.7180000000001,210914.0,49678.7,976242.0,0.0
25603,0,31.1678,-5.70003,279.173,369231.0,-438169.0,819558.0,0.0
116176,0,989.288,-253.90200000000002,255.09799999999998,658153.0,-750391.0,-61222.6,0.0
113171,0,343.445,-957.7239999999999,-970.197,-388446.0,-914915.0,-109728.0,0.0
